listing_id,title,price,currency,url,image_url
1683781632,"Natural Floating Solid Oak Shelf -Custom Sizes Oiled Ready to Install, Rustic Wall Mounted Storage Wood Shelving Handcrafted Shelves Kitchen",25.88,USD,https://www.etsy.com/listing/1683781632,https://i.etsystatic.com/19500261/c/1864/1480/0/0/il/0344ee/5856416960/il_340x270.5856416960_r19g.jpg
1746499278,"Natural SOLID OAK Coat Rack Rail, Handmade Wooden Entryway Furniture Cast Iron Hooks Towel hanger, Wall mounted metal retro classic",25.88,USD,https://www.etsy.com/listing/1746499278,https://i.etsystatic.com/19500261/c/1757/1757/452/256/il/4e12ca/6844639908/il_340x270.6844639908_p9k6.jpg
1201803931,"Natural SOLID OAK Coat Rack with Shelf, Handmade Wooden Entryway Furniture, Cast Iron Hooks, Towel hanger, Wall mounted metal retro classic",34.51,USD,https://www.etsy.com/listing/1201803931,https://i.etsystatic.com/19500261/r/il/7655d5/3757368530/il_340x270.3757368530_t05u.jpg
1588553787,"Oak Coat Racks (SET of 2) Hook Handmade Wooden Entryway Shelf with Cast Iron Hooks Towel hanger Rail wall mounted retro classic vintage",34.51,USD,https://www.etsy.com/listing/1588553787,https://i.etsystatic.com/19500261/c/746/592/0/16/il/98c6c6/5400744678/il_340x270.5400744678_8a2i.jpg
1756697238,"Solid Oak Floating Shelf 4cm thick Different Sizes Oiled Ready to Fix Pre-Drilled Natural Wood Shelving Handcrafted Rustic Shelves Kitchen",34.51,USD,https://www.etsy.com/listing/1756697238,https://i.etsystatic.com/19500261/r/il/d66d05/6162691734/il_340x270.6162691734_fewu.jpg
1173116558,"Solid Oak Fireplace Beam Mantel -ALL SIZES Pre-Drilled Free Fixings, Natural Wood Mantelpiece, Wooden Lintel Mantle Shelf Log Burner Rustic",34.51,USD,https://www.etsy.com/listing/1173116558,https://i.etsystatic.com/19500261/c/587/466/25/0/il/223338/5806464710/il_340x270.5806464710_klry.jpg
1580055817,"Solid Oak Mantel Beam - All Sizes, Oiled, Pre-Drilled, Free Fixings Included Fireplace Mantlepiece Wood Lintel for Log Burner Mantle Shelf",34.51,USD,https://www.etsy.com/listing/1580055817,https://i.etsystatic.com/19500261/c/496/393/50/76/il/5ddcbf/5405135867/il_340x270.5405135867_jmtx.jpg
1763341903,"Natural SOLID OAK Coat Rack with Shelf, Handmade Wooden Entryway Rail, Cast Iron Hooks, Towel hanger, Wall mounted Furniture retro classic",34.51,USD,https://www.etsy.com/listing/1763341903,https://i.etsystatic.com/19500261/c/571/571/33/20/il/4181fc/6844745214/il_340x270.6844745214_1ndc.jpg
1673953038,"Natural SOLID OAK Coat Rack with Shelf, Handmade Wooden Entryway Furniture Cast Iron Hooks, Towel hanger, Wall mounted metal retro classic",34.51,USD,https://www.etsy.com/listing/1673953038,https://i.etsystatic.com/19500261/r/il/610315/6892715895/il_340x270.6892715895_j10s.jpg
1165510881,"Solid Oak Mantel Beam -All Sizes Oiled Pre-Drilled Free Fixings Fireplace Mantelpiece Wood Lintel Log Burner Mantle Shelf Rustic Wooden Aged",34.51,USD,https://www.etsy.com/listing/1165510881,https://i.etsystatic.com/19500261/c/621/493/15/87/il/be99d1/5356975516/il_340x270.5356975516_72tx.jpg
1901098297,"Solid Oak Floating Shelf 4cm thick Different Sizes Oiled Ready to Fix Pre-Drilled Wooden Shelving Handcrafted Rustic Shelves Kitchen",34.51,USD,https://www.etsy.com/listing/1901098297,https://i.etsystatic.com/19500261/r/il/63bcf2/6829587875/il_340x270.6829587875_husc.jpg
1588557025,"Solid Oak Mantle Beam - All Sizes Oiled Pre-Drilled Free Fixings, Fireplace Mantelpiece Wood Lintel Aged Log Burner Mantel Shelf Rustic",34.51,USD,https://www.etsy.com/listing/1588557025,https://i.etsystatic.com/19500261/c/1092/867/193/9/il/7a64af/5448907711/il_340x270.5448907711_m1mq.jpg
1265363569,"Wall Mounted Oak Coat Rack with Shelf, Entryway Organizer Rail Hooks, Solid Wood Hallway Storage, Handmade Rustic Wooden Holder Hook Hanger",34.51,USD,https://www.etsy.com/listing/1265363569,https://i.etsystatic.com/19500261/r/il/7fd3f0/7016973115/il_340x270.7016973115_71tx.jpg
1749146074,"Natural SOLID OAK Coat Rack with Shelf, Handmade Wooden Entryway Furniture, Cast Iron Hooks, Towel hanger, Wall mounted metal retro classic",34.51,USD,https://www.etsy.com/listing/1749146074,https://i.etsystatic.com/19500261/c/769/576/0/0/il/05daa2/6179541575/il_340x270.6179541575_gclc.jpg
1289810598,"Solid OAK Fireplace Surround CUSTOM sizes Handcrafted OILED Free Fixings Pre-Drilled Fire Decoration Lintel for Log Burner Mantle Mantel",362.25,USD,https://www.etsy.com/listing/1289810598,https://i.etsystatic.com/19500261/c/1105/877/0/161/il/e0da92/4183948262/il_340x270.4183948262_1w59.jpg
1290470632,"Fire Surround - Many Size Variations Hand Crafted Oiled Fixings Included Solid Oak Fireplace Decoration Lintel for Log Burner Mantle Bespoke",362.25,USD,https://www.etsy.com/listing/1290470632,https://i.etsystatic.com/19500261/c/1600/1271/0/82/il/33b6d5/4771476698/il_340x270.4771476698_5d6c.jpg
1278958361,"Handmade Oak Door Stop with Twisted Jute Twisted Rope, Solid Rustic Wood Block Holder House Warming Wooden Gift",67.30,USD,https://www.etsy.com/listing/1278958361,https://i.etsystatic.com/19500261/c/1094/869/211/42/il/082349/4100801235/il_340x270.4100801235_plpe.jpg
666135058,"Solid Oak Mantel Beam - All Sizes, Oiled, Pre-Drilled, Free Fixings Included Fireplace Mantlepiece Wood Lintel for Log Burner Mantle Shelf",34.51,USD,https://www.etsy.com/listing/666135058,https://i.etsystatic.com/19500261/r/il/73715e/5356976862/il_340x270.5356976862_1sow.jpg
1266652474,"Bespoke solid Oak Cube Block up to 38x38cm, Bedside Coffee Side Drink Lamp Table Rustic Wood Slab, Nightstand Industrial Beam Huge Large",143.23,USD,https://www.etsy.com/listing/1266652474,https://i.etsystatic.com/19500261/c/1993/1584/0/596/il/745ae9/4835419929/il_340x270.4835419929_o2o1.jpg
1245199284,"SOLID OAK Coat Rack with Shelf, Handmade Wooden Entryway Furniture Cast Iron Hooks, Towel Hanger Wall mounted, rail hook porte manteau mural",34.51,USD,https://www.etsy.com/listing/1245199284,https://i.etsystatic.com/19500261/c/651/517/55/0/il/2de777/6179520959/il_340x270.6179520959_14qf.jpg
1208811120,"Floating Oak Mantle Shelf-Bespoke Sizes, Pre-Drilled, Fixings Included, Oiled Fireplace Mantlepiece Wood Lintel Log Kiln Burner Mantel beem",34.51,USD,https://www.etsy.com/listing/1208811120,https://i.etsystatic.com/19500261/c/2421/1923/31/108/il/9902d7/6210746547/il_340x270.6210746547_tvvy.jpg
1439910030,"SET of Oak Coat Rack (2 pcs) Handmade Wooden Hook Entryway Shelf Cast Iron Hooks Towel hanger Rail Wood Wall mounted furniture retro classic",34.51,USD,https://www.etsy.com/listing/1439910030,https://i.etsystatic.com/19500261/c/658/658/20/23/il/9cf5df/6844752082/il_340x270.6844752082_9ysc.jpg
1302449354,"Oak Mantle Beam - Size variations, Pre-Drilled, Oiled, Free Fixings. Fireplace Mantelpiece Solid Wood Lintel for Log Burner Mantle Shelf",34.51,USD,https://www.etsy.com/listing/1302449354,https://i.etsystatic.com/19500261/c/1114/884/0/621/il/0ac18f/4260004617/il_340x270.4260004617_iuf5.jpg
1264945856,"Handmade Oak Door Stop with Twisted Jute Twisted Rope, Solid Rustic Wood Block Holder House Warming Wooden Gift Grey Greyish",67.30,USD,https://www.etsy.com/listing/1264945856,https://i.etsystatic.com/19500261/c/1136/903/213/0/il/12e415/4835412393/il_340x270.4835412393_oorc.jpg
1250599356,"Handmade Solid Oak Coat Rack Shelf, Dark Hat Hook Wooden Entryway Furniture Cast Iron Hooks, Wall mounted Towel Holder Hanger Rustic Classic",34.51,USD,https://www.etsy.com/listing/1250599356,https://i.etsystatic.com/19500261/c/2044/2044/848/9/il/4c74c7/6844714904/il_340x270.6844714904_6av9.jpg
1222814495,"FLAMED Rustic Mantle Beam X Large All Sizes Pre-Drilled Oiled Free Fixings Fireplace Mantelpiece Solid Wood Lintel Log Burner Mantle Shelf",51.77,USD,https://www.etsy.com/listing/1222814495,https://i.etsystatic.com/19500261/c/1157/919/123/108/il/b3a683/3906986417/il_340x270.3906986417_2t43.jpg
1288554700,"Rustic Mantle Beam - All Sizes, Oiled, Pre-Drilled, Free Fixings. Fireplace Mantelpiece Solid Wood Lintel for Log Burner Mantle Shelf",34.51,USD,https://www.etsy.com/listing/1288554700,https://i.etsystatic.com/19500261/c/564/448/43/0/il/6d144a/4151860464/il_340x270.4151860464_57e5.jpg
1208896362,"Oak Mantel Beam with CORBELS Floating Mantle Shelf Mantelpiece Wood Lintel Log Kiln Burner Fireplace",34.51,USD,https://www.etsy.com/listing/1208896362,https://i.etsystatic.com/19500261/c/882/700/8/7/il/459fff/5854558715/il_340x270.5854558715_ple5.jpg
4301950515,"Handmade SOLID OAK Coat Rack with Shelf, Wooden Entryway Hook Cast Iron Hooks, Towel hanger, Wall mounted furniture retro classic vintage",34.51,USD,https://www.etsy.com/listing/4301950515,https://i.etsystatic.com/19500261/c/596/596/9/13/il/925991/6844730362/il_340x270.6844730362_f6n1.jpg
1565867662,"Solid Oak Mantle Beam - selection of sizes Oiled Pre-Drilled Fixings, Fireplace Mantelpiece Wood Lintel Aged Log Burner Mantel Shelf Rustic",34.51,USD,https://www.etsy.com/listing/1565867662,https://i.etsystatic.com/19500261/c/2199/1747/231/106/il/92005e/5405100321/il_340x270.5405100321_1ypb.jpg
