Handle,Title,Body (HTML),Vendor,Type,Tags,Published,Option1 Name,Option1 Value,Variant SKU,Variant Grams,Variant Inventory Tracker,Variant Inventory Qty,Variant Inventory Policy,Variant Fulfillment Service,Variant Price,Variant Compare At Price,Variant Requires Shipping,Variant Taxable,Image Src,Image Position,Image Alt Text,Status
walnut-coffee-table,Walnut Coffee Table,<p>A stunning centerpiece for any living room. Crafted from sustainably sourced American black walnut with hand-rubbed oil finish. The live-edge top celebrates the natural beauty of the wood grain.</p>,Craft Wood Furniture,Coffee Table,"coffee-table, handcrafted, living-room, walnut",TRUE,Title,Default Title,CWF-walnut-coffee-table,0,shopify,10,deny,manual,1850.00,,TRUE,TRUE,https://cdn.shopify.com/s/files/1/1027/1342/6262/files/photo_b3269fc5-8440-425c-9a85-38dada68a8ec.jpg?v=1778502640,1,Walnut Coffee Table,active
walnut-platform-bed,Walnut Platform Bed,"<p>Sleep in understated elegance. This low-profile platform bed is handcrafted from solid American black walnut with a hand-rubbed oil finish. The floating design creates a sense of lightness while the solid construction ensures lasting durability.</p><ul>
<li>Solid American black walnut</li>
<li>Hand-rubbed Danish oil finish</li>
<li>Available in Queen and King</li>
<li>No box spring required</li>
<li>Lead time: 6–8 weeks</li>
</ul>",Craft Wood Furniture,Bed Frame,"bed-frame, bedroom, handcrafted, platform-bed, walnut",TRUE,Title,Default Title,CWF-walnut-platform-bed,0,shopify,10,deny,manual,2800.00,,TRUE,TRUE,https://cdn.shopify.com/s/files/1/1027/1342/6262/files/photo-2.jpg?v=1778502641,1,Walnut Platform Bed,active
walnut-platform-bed,Walnut Platform Bed,"<p>Sleep in understated elegance. This low-profile platform bed is handcrafted from solid American black walnut with a hand-rubbed oil finish. The floating design creates a sense of lightness while the solid construction ensures lasting durability.</p><ul>
<li>Solid American black walnut</li>
<li>Hand-rubbed Danish oil finish</li>
<li>Available in Queen and King</li>
<li>No box spring required</li>
<li>Lead time: 6–8 weeks</li>
</ul>",Craft Wood Furniture,Bed Frame,"bed-frame, bedroom, handcrafted, platform-bed, walnut",TRUE,Title,Default Title,CWF-walnut-platform-bed,0,shopify,10,deny,manual,3400.00,,TRUE,TRUE,,,Walnut Platform Bed,active
white-oak-dining-table,White Oak Dining Table,"<p>Gather your family around this heirloom-quality dining table. Crafted from kiln-dried white oak with a natural oil finish, the book-matched top showcases stunning grain patterns. Seats 6–8 comfortably.</p><ul>
<li>Solid white oak, book-matched top</li>
<li>Natural hardwax oil finish</li>
<li>Dimensions: 84"" L × 38"" W × 30"" H</li>
<li>Seats 6–8</li>
<li>Lead time: 8–10 weeks</li>
</ul>",Craft Wood Furniture,Dining Table,"dining-room, dining-table, handcrafted, heirloom, oak",TRUE,Title,Default Title,CWF-white-oak-dining-table,0,shopify,10,deny,manual,3200.00,,TRUE,TRUE,https://cdn.shopify.com/s/files/1/1027/1342/6262/files/photo-1.jpg?v=1778502641,1,White Oak Dining Table,active
white-oak-bookshelf,White Oak Bookshelf,"<p>Display your collection in style. This solid white oak bookshelf features five adjustable shelves and a clean Shaker-inspired design that complements any room. Mortise-and-tenon construction ensures it will last for generations.</p><ul>
<li>Solid white oak with plywood back</li>
<li>5 adjustable shelves</li>
<li>Natural hardwax oil finish</li>
<li>Dimensions: 36"" W × 12"" D × 72"" H</li>
<li>Weight capacity: 50 lbs per shelf</li>
</ul>",Craft Wood Furniture,Bookshelf,"bookshelf, handcrafted, living-room, oak, storage",TRUE,Title,Default Title,CWF-white-oak-bookshelf,0,shopify,10,deny,manual,1450.00,,TRUE,TRUE,https://cdn.shopify.com/s/files/1/1027/1342/6262/files/photo.jpg?v=1778502640,1,White Oak Bookshelf,active
cherry-wood-nightstand,Cherry Wood Nightstand,"<p>The perfect bedside companion. This nightstand is handcrafted from solid American cherry wood, which deepens beautifully to a rich reddish-brown with age and light exposure. Features a dovetail drawer and open shelf.</p><ul>
<li>Solid American cherry wood</li>
<li>Dovetail drawer joinery</li>
<li>Hand-rubbed oil and wax finish</li>
<li>Dimensions: 22"" W × 16"" D × 26"" H</li>
<li>Sold individually or as a pair</li>
</ul>",Craft Wood Furniture,Nightstand,"bedroom, cherry, handcrafted, nightstand",TRUE,Title,Default Title,CWF-cherry-wood-nightstand,0,shopify,10,deny,manual,680.00,,TRUE,TRUE,https://cdn.shopify.com/s/files/1/1027/1342/6262/files/photo-3.jpg?v=1778502641,1,Cherry Wood Nightstand,active
cherry-wood-nightstand,Cherry Wood Nightstand,"<p>The perfect bedside companion. This nightstand is handcrafted from solid American cherry wood, which deepens beautifully to a rich reddish-brown with age and light exposure. Features a dovetail drawer and open shelf.</p><ul>
<li>Solid American cherry wood</li>
<li>Dovetail drawer joinery</li>
<li>Hand-rubbed oil and wax finish</li>
<li>Dimensions: 22"" W × 16"" D × 26"" H</li>
<li>Sold individually or as a pair</li>
</ul>",Craft Wood Furniture,Nightstand,"bedroom, cherry, handcrafted, nightstand",TRUE,Title,Default Title,CWF-cherry-wood-nightstand,0,shopify,10,deny,manual,1290.00,,TRUE,TRUE,,,Cherry Wood Nightstand,active
walnut-dining-chair,Walnut Dining Chair,"<p>Crafted for comfort and beauty, this dining chair pairs perfectly with our White Oak Dining Table. The solid walnut frame features gently curved legs and a contoured seat that invites long conversations around the table.</p><ul>
<li>Solid American black walnut frame</li>
<li>Contoured solid wood seat</li>
<li>Hand-rubbed oil finish</li>
<li>Dimensions: 18"" W × 20"" D × 33"" H, seat height 18""</li>
<li>Weight capacity: 300 lbs</li>
</ul>",Craft Wood Furniture,Dining Chair,"dining-chair, dining-room, handcrafted, walnut",TRUE,Title,Default Title,CWF-walnut-dining-chair,0,shopify,10,deny,manual,480.00,,TRUE,TRUE,https://cdn.shopify.com/s/files/1/1027/1342/6262/files/photo-1_b300b617-68b3-49df-8b13-511f4f49ef00.jpg?v=1778502641,1,Walnut Dining Chair,active
walnut-dining-chair,Walnut Dining Chair,"<p>Crafted for comfort and beauty, this dining chair pairs perfectly with our White Oak Dining Table. The solid walnut frame features gently curved legs and a contoured seat that invites long conversations around the table.</p><ul>
<li>Solid American black walnut frame</li>
<li>Contoured solid wood seat</li>
<li>Hand-rubbed oil finish</li>
<li>Dimensions: 18"" W × 20"" D × 33"" H, seat height 18""</li>
<li>Weight capacity: 300 lbs</li>
</ul>",Craft Wood Furniture,Dining Chair,"dining-chair, dining-room, handcrafted, walnut",TRUE,Title,Default Title,CWF-walnut-dining-chair,0,shopify,10,deny,manual,920.00,,TRUE,TRUE,,,Walnut Dining Chair,active
walnut-dining-chair,Walnut Dining Chair,"<p>Crafted for comfort and beauty, this dining chair pairs perfectly with our White Oak Dining Table. The solid walnut frame features gently curved legs and a contoured seat that invites long conversations around the table.</p><ul>
<li>Solid American black walnut frame</li>
<li>Contoured solid wood seat</li>
<li>Hand-rubbed oil finish</li>
<li>Dimensions: 18"" W × 20"" D × 33"" H, seat height 18""</li>
<li>Weight capacity: 300 lbs</li>
</ul>",Craft Wood Furniture,Dining Chair,"dining-chair, dining-room, handcrafted, walnut",TRUE,Title,Default Title,CWF-walnut-dining-chair,0,shopify,10,deny,manual,1760.00,,TRUE,TRUE,,,Walnut Dining Chair,active
natural-solid-oak-coat-rack-with-shelf,Natural Solid Oak Coat Rack With Shelf,"<p>Coat Rack made from solid natural oak, with shelf and classical hooks — a perfect finishing touch to your hallway, kitchen or bathroom. Handmade to order.</p><p><strong>Dimensions:</strong><br>Height: 17cm | Depth: 10cm<br>2 Hooks – 40cm | 3 Hooks – 52cm | 4 Hooks – 64cm | 5 Hooks – 76cm | 6 Hooks – 88cm | 7 Hooks – 98cm | 8 Hooks – 110cm | 9 Hooks – 120cm | 10 Hooks – 130cm | 11 Hooks – 140cm | 12 Hooks – 150cm</p><p><strong>Includes:</strong> Fully assembled, fixings for solid wall included. Cast iron hooks.</p><p>Available in Clear, Old Oak, Dark, and Grey oil finishes. Hooks available in Black, Gold, Old Copper, Chrome, and Old Brass.</p>",Craft Wood Furniture,Coat Rack,"coat-rack, hallway, handmade, oak, shelf, wall-mounted",TRUE,Title,Default Title,CWF-natural-solid-oak-coat-rack-with-shelf,0,shopify,10,deny,manual,101.56,,TRUE,TRUE,https://cdn.shopify.com/s/files/1/1027/1342/6262/files/coat-rack-shelf-1.jpg?v=1778503958,1,Oak Coat Rack with Shelf,active
natural-solid-oak-coat-rack-with-shelf,Natural Solid Oak Coat Rack With Shelf,"<p>Coat Rack made from solid natural oak, with shelf and classical hooks — a perfect finishing touch to your hallway, kitchen or bathroom. Handmade to order.</p><p><strong>Dimensions:</strong><br>Height: 17cm | Depth: 10cm<br>2 Hooks – 40cm | 3 Hooks – 52cm | 4 Hooks – 64cm | 5 Hooks – 76cm | 6 Hooks – 88cm | 7 Hooks – 98cm | 8 Hooks – 110cm | 9 Hooks – 120cm | 10 Hooks – 130cm | 11 Hooks – 140cm | 12 Hooks – 150cm</p><p><strong>Includes:</strong> Fully assembled, fixings for solid wall included. Cast iron hooks.</p><p>Available in Clear, Old Oak, Dark, and Grey oil finishes. Hooks available in Black, Gold, Old Copper, Chrome, and Old Brass.</p>",Craft Wood Furniture,Coat Rack,"coat-rack, hallway, handmade, oak, shelf, wall-mounted",TRUE,Title,Default Title,CWF-natural-solid-oak-coat-rack-with-shelf,0,shopify,10,deny,manual,118.77,,TRUE,TRUE,,,Natural Solid Oak Coat Rack With Shelf,active
natural-solid-oak-coat-rack-with-shelf,Natural Solid Oak Coat Rack With Shelf,"<p>Coat Rack made from solid natural oak, with shelf and classical hooks — a perfect finishing touch to your hallway, kitchen or bathroom. Handmade to order.</p><p><strong>Dimensions:</strong><br>Height: 17cm | Depth: 10cm<br>2 Hooks – 40cm | 3 Hooks – 52cm | 4 Hooks – 64cm | 5 Hooks – 76cm | 6 Hooks – 88cm | 7 Hooks – 98cm | 8 Hooks – 110cm | 9 Hooks – 120cm | 10 Hooks – 130cm | 11 Hooks – 140cm | 12 Hooks – 150cm</p><p><strong>Includes:</strong> Fully assembled, fixings for solid wall included. Cast iron hooks.</p><p>Available in Clear, Old Oak, Dark, and Grey oil finishes. Hooks available in Black, Gold, Old Copper, Chrome, and Old Brass.</p>",Craft Wood Furniture,Coat Rack,"coat-rack, hallway, handmade, oak, shelf, wall-mounted",TRUE,Title,Default Title,CWF-natural-solid-oak-coat-rack-with-shelf,0,shopify,10,deny,manual,135.99,,TRUE,TRUE,,,Natural Solid Oak Coat Rack With Shelf,active
natural-solid-oak-coat-rack-with-shelf,Natural Solid Oak Coat Rack With Shelf,"<p>Coat Rack made from solid natural oak, with shelf and classical hooks — a perfect finishing touch to your hallway, kitchen or bathroom. Handmade to order.</p><p><strong>Dimensions:</strong><br>Height: 17cm | Depth: 10cm<br>2 Hooks – 40cm | 3 Hooks – 52cm | 4 Hooks – 64cm | 5 Hooks – 76cm | 6 Hooks – 88cm | 7 Hooks – 98cm | 8 Hooks – 110cm | 9 Hooks – 120cm | 10 Hooks – 130cm | 11 Hooks – 140cm | 12 Hooks – 150cm</p><p><strong>Includes:</strong> Fully assembled, fixings for solid wall included. Cast iron hooks.</p><p>Available in Clear, Old Oak, Dark, and Grey oil finishes. Hooks available in Black, Gold, Old Copper, Chrome, and Old Brass.</p>",Craft Wood Furniture,Coat Rack,"coat-rack, hallway, handmade, oak, shelf, wall-mounted",TRUE,Title,Default Title,CWF-natural-solid-oak-coat-rack-with-shelf,0,shopify,10,deny,manual,153.20,,TRUE,TRUE,,,Natural Solid Oak Coat Rack With Shelf,active
natural-solid-oak-coat-rack-with-shelf,Natural Solid Oak Coat Rack With Shelf,"<p>Coat Rack made from solid natural oak, with shelf and classical hooks — a perfect finishing touch to your hallway, kitchen or bathroom. Handmade to order.</p><p><strong>Dimensions:</strong><br>Height: 17cm | Depth: 10cm<br>2 Hooks – 40cm | 3 Hooks – 52cm | 4 Hooks – 64cm | 5 Hooks – 76cm | 6 Hooks – 88cm | 7 Hooks – 98cm | 8 Hooks – 110cm | 9 Hooks – 120cm | 10 Hooks – 130cm | 11 Hooks – 140cm | 12 Hooks – 150cm</p><p><strong>Includes:</strong> Fully assembled, fixings for solid wall included. Cast iron hooks.</p><p>Available in Clear, Old Oak, Dark, and Grey oil finishes. Hooks available in Black, Gold, Old Copper, Chrome, and Old Brass.</p>",Craft Wood Furniture,Coat Rack,"coat-rack, hallway, handmade, oak, shelf, wall-mounted",TRUE,Title,Default Title,CWF-natural-solid-oak-coat-rack-with-shelf,0,shopify,10,deny,manual,170.41,,TRUE,TRUE,,,Natural Solid Oak Coat Rack With Shelf,active
natural-solid-oak-coat-rack-with-shelf,Natural Solid Oak Coat Rack With Shelf,"<p>Coat Rack made from solid natural oak, with shelf and classical hooks — a perfect finishing touch to your hallway, kitchen or bathroom. Handmade to order.</p><p><strong>Dimensions:</strong><br>Height: 17cm | Depth: 10cm<br>2 Hooks – 40cm | 3 Hooks – 52cm | 4 Hooks – 64cm | 5 Hooks – 76cm | 6 Hooks – 88cm | 7 Hooks – 98cm | 8 Hooks – 110cm | 9 Hooks – 120cm | 10 Hooks – 130cm | 11 Hooks – 140cm | 12 Hooks – 150cm</p><p><strong>Includes:</strong> Fully assembled, fixings for solid wall included. Cast iron hooks.</p><p>Available in Clear, Old Oak, Dark, and Grey oil finishes. Hooks available in Black, Gold, Old Copper, Chrome, and Old Brass.</p>",Craft Wood Furniture,Coat Rack,"coat-rack, hallway, handmade, oak, shelf, wall-mounted",TRUE,Title,Default Title,CWF-natural-solid-oak-coat-rack-with-shelf,0,shopify,10,deny,manual,187.63,,TRUE,TRUE,,,Natural Solid Oak Coat Rack With Shelf,active
natural-solid-oak-coat-rack-with-shelf,Natural Solid Oak Coat Rack With Shelf,"<p>Coat Rack made from solid natural oak, with shelf and classical hooks — a perfect finishing touch to your hallway, kitchen or bathroom. Handmade to order.</p><p><strong>Dimensions:</strong><br>Height: 17cm | Depth: 10cm<br>2 Hooks – 40cm | 3 Hooks – 52cm | 4 Hooks – 64cm | 5 Hooks – 76cm | 6 Hooks – 88cm | 7 Hooks – 98cm | 8 Hooks – 110cm | 9 Hooks – 120cm | 10 Hooks – 130cm | 11 Hooks – 140cm | 12 Hooks – 150cm</p><p><strong>Includes:</strong> Fully assembled, fixings for solid wall included. Cast iron hooks.</p><p>Available in Clear, Old Oak, Dark, and Grey oil finishes. Hooks available in Black, Gold, Old Copper, Chrome, and Old Brass.</p>",Craft Wood Furniture,Coat Rack,"coat-rack, hallway, handmade, oak, shelf, wall-mounted",TRUE,Title,Default Title,CWF-natural-solid-oak-coat-rack-with-shelf,0,shopify,10,deny,manual,204.84,,TRUE,TRUE,,,Natural Solid Oak Coat Rack With Shelf,active
natural-solid-oak-coat-rack-with-shelf,Natural Solid Oak Coat Rack With Shelf,"<p>Coat Rack made from solid natural oak, with shelf and classical hooks — a perfect finishing touch to your hallway, kitchen or bathroom. Handmade to order.</p><p><strong>Dimensions:</strong><br>Height: 17cm | Depth: 10cm<br>2 Hooks – 40cm | 3 Hooks – 52cm | 4 Hooks – 64cm | 5 Hooks – 76cm | 6 Hooks – 88cm | 7 Hooks – 98cm | 8 Hooks – 110cm | 9 Hooks – 120cm | 10 Hooks – 130cm | 11 Hooks – 140cm | 12 Hooks – 150cm</p><p><strong>Includes:</strong> Fully assembled, fixings for solid wall included. Cast iron hooks.</p><p>Available in Clear, Old Oak, Dark, and Grey oil finishes. Hooks available in Black, Gold, Old Copper, Chrome, and Old Brass.</p>",Craft Wood Furniture,Coat Rack,"coat-rack, hallway, handmade, oak, shelf, wall-mounted",TRUE,Title,Default Title,CWF-natural-solid-oak-coat-rack-with-shelf,0,shopify,10,deny,manual,183.52,,TRUE,TRUE,,,Natural Solid Oak Coat Rack With Shelf,active
natural-solid-oak-coat-rack-with-shelf,Natural Solid Oak Coat Rack With Shelf,"<p>Coat Rack made from solid natural oak, with shelf and classical hooks — a perfect finishing touch to your hallway, kitchen or bathroom. Handmade to order.</p><p><strong>Dimensions:</strong><br>Height: 17cm | Depth: 10cm<br>2 Hooks – 40cm | 3 Hooks – 52cm | 4 Hooks – 64cm | 5 Hooks – 76cm | 6 Hooks – 88cm | 7 Hooks – 98cm | 8 Hooks – 110cm | 9 Hooks – 120cm | 10 Hooks – 130cm | 11 Hooks – 140cm | 12 Hooks – 150cm</p><p><strong>Includes:</strong> Fully assembled, fixings for solid wall included. Cast iron hooks.</p><p>Available in Clear, Old Oak, Dark, and Grey oil finishes. Hooks available in Black, Gold, Old Copper, Chrome, and Old Brass.</p>",Craft Wood Furniture,Coat Rack,"coat-rack, hallway, handmade, oak, shelf, wall-mounted",TRUE,Title,Default Title,CWF-natural-solid-oak-coat-rack-with-shelf,0,shopify,10,deny,manual,197.74,,TRUE,TRUE,,,Natural Solid Oak Coat Rack With Shelf,active
natural-solid-oak-coat-rack-with-shelf,Natural Solid Oak Coat Rack With Shelf,"<p>Coat Rack made from solid natural oak, with shelf and classical hooks — a perfect finishing touch to your hallway, kitchen or bathroom. Handmade to order.</p><p><strong>Dimensions:</strong><br>Height: 17cm | Depth: 10cm<br>2 Hooks – 40cm | 3 Hooks – 52cm | 4 Hooks – 64cm | 5 Hooks – 76cm | 6 Hooks – 88cm | 7 Hooks – 98cm | 8 Hooks – 110cm | 9 Hooks – 120cm | 10 Hooks – 130cm | 11 Hooks – 140cm | 12 Hooks – 150cm</p><p><strong>Includes:</strong> Fully assembled, fixings for solid wall included. Cast iron hooks.</p><p>Available in Clear, Old Oak, Dark, and Grey oil finishes. Hooks available in Black, Gold, Old Copper, Chrome, and Old Brass.</p>",Craft Wood Furniture,Coat Rack,"coat-rack, hallway, handmade, oak, shelf, wall-mounted",TRUE,Title,Default Title,CWF-natural-solid-oak-coat-rack-with-shelf,0,shopify,10,deny,manual,211.97,,TRUE,TRUE,,,Natural Solid Oak Coat Rack With Shelf,active
oak-coat-racks-set-of-2-with-and-without-shelf,Oak Coat Racks Set of 2 — With and Without Shelf,"<p>A matching set of 2 solid oak coat racks — one with a shelf, one without. Perfect for hallways, entryways, or mudrooms. Handmade to order from solid natural oak with cast iron hooks.</p><p><strong>Dimensions:</strong><br>Height: 17cm | Depth: 10cm<br>2 Hooks – 40cm | 3 Hooks – 52cm | 4 Hooks – 64cm | 5 Hooks – 76cm | 6 Hooks – 88cm | 7 Hooks – 98cm | 8 Hooks – 110cm | 9 Hooks – 120cm | 10 Hooks – 130cm | 11 Hooks – 140cm | 12 Hooks – 150cm</p><p>Available in Clear, Old Oak, Dark, and Grey oil finishes. Hooks in Black, Gold, Old Copper, Chrome, or Old Brass.</p>",Craft Wood Furniture,Coat Rack,"coat-rack, hallway, handmade, oak, set, wall-mounted",TRUE,Title,Default Title,CWF-oak-coat-racks-set-of-2-with-and-without-shelf,0,shopify,10,deny,manual,139.43,,TRUE,TRUE,https://cdn.shopify.com/s/files/1/1027/1342/6262/files/coat-rack-set-1.jpg?v=1778503957,1,Oak Coat Rack Set,active
oak-coat-racks-set-of-2-with-and-without-shelf,Oak Coat Racks Set of 2 — With and Without Shelf,"<p>A matching set of 2 solid oak coat racks — one with a shelf, one without. Perfect for hallways, entryways, or mudrooms. Handmade to order from solid natural oak with cast iron hooks.</p><p><strong>Dimensions:</strong><br>Height: 17cm | Depth: 10cm<br>2 Hooks – 40cm | 3 Hooks – 52cm | 4 Hooks – 64cm | 5 Hooks – 76cm | 6 Hooks – 88cm | 7 Hooks – 98cm | 8 Hooks – 110cm | 9 Hooks – 120cm | 10 Hooks – 130cm | 11 Hooks – 140cm | 12 Hooks – 150cm</p><p>Available in Clear, Old Oak, Dark, and Grey oil finishes. Hooks in Black, Gold, Old Copper, Chrome, or Old Brass.</p>",Craft Wood Furniture,Coat Rack,"coat-rack, hallway, handmade, oak, set, wall-mounted",TRUE,Title,Default Title,CWF-oak-coat-racks-set-of-2-with-and-without-shelf,0,shopify,10,deny,manual,161.81,,TRUE,TRUE,,,Oak Coat Racks Set of 2 — With and Without Shelf,active
oak-coat-racks-set-of-2-with-and-without-shelf,Oak Coat Racks Set of 2 — With and Without Shelf,"<p>A matching set of 2 solid oak coat racks — one with a shelf, one without. Perfect for hallways, entryways, or mudrooms. Handmade to order from solid natural oak with cast iron hooks.</p><p><strong>Dimensions:</strong><br>Height: 17cm | Depth: 10cm<br>2 Hooks – 40cm | 3 Hooks – 52cm | 4 Hooks – 64cm | 5 Hooks – 76cm | 6 Hooks – 88cm | 7 Hooks – 98cm | 8 Hooks – 110cm | 9 Hooks – 120cm | 10 Hooks – 130cm | 11 Hooks – 140cm | 12 Hooks – 150cm</p><p>Available in Clear, Old Oak, Dark, and Grey oil finishes. Hooks in Black, Gold, Old Copper, Chrome, or Old Brass.</p>",Craft Wood Furniture,Coat Rack,"coat-rack, hallway, handmade, oak, set, wall-mounted",TRUE,Title,Default Title,CWF-oak-coat-racks-set-of-2-with-and-without-shelf,0,shopify,10,deny,manual,175.58,,TRUE,TRUE,,,Oak Coat Racks Set of 2 — With and Without Shelf,active
oak-coat-racks-set-of-2-with-and-without-shelf,Oak Coat Racks Set of 2 — With and Without Shelf,"<p>A matching set of 2 solid oak coat racks — one with a shelf, one without. Perfect for hallways, entryways, or mudrooms. Handmade to order from solid natural oak with cast iron hooks.</p><p><strong>Dimensions:</strong><br>Height: 17cm | Depth: 10cm<br>2 Hooks – 40cm | 3 Hooks – 52cm | 4 Hooks – 64cm | 5 Hooks – 76cm | 6 Hooks – 88cm | 7 Hooks – 98cm | 8 Hooks – 110cm | 9 Hooks – 120cm | 10 Hooks – 130cm | 11 Hooks – 140cm | 12 Hooks – 150cm</p><p>Available in Clear, Old Oak, Dark, and Grey oil finishes. Hooks in Black, Gold, Old Copper, Chrome, or Old Brass.</p>",Craft Wood Furniture,Coat Rack,"coat-rack, hallway, handmade, oak, set, wall-mounted",TRUE,Title,Default Title,CWF-oak-coat-racks-set-of-2-with-and-without-shelf,0,shopify,10,deny,manual,196.24,,TRUE,TRUE,,,Oak Coat Racks Set of 2 — With and Without Shelf,active
oak-coat-racks-set-of-2-with-and-without-shelf,Oak Coat Racks Set of 2 — With and Without Shelf,"<p>A matching set of 2 solid oak coat racks — one with a shelf, one without. Perfect for hallways, entryways, or mudrooms. Handmade to order from solid natural oak with cast iron hooks.</p><p><strong>Dimensions:</strong><br>Height: 17cm | Depth: 10cm<br>2 Hooks – 40cm | 3 Hooks – 52cm | 4 Hooks – 64cm | 5 Hooks – 76cm | 6 Hooks – 88cm | 7 Hooks – 98cm | 8 Hooks – 110cm | 9 Hooks – 120cm | 10 Hooks – 130cm | 11 Hooks – 140cm | 12 Hooks – 150cm</p><p>Available in Clear, Old Oak, Dark, and Grey oil finishes. Hooks in Black, Gold, Old Copper, Chrome, or Old Brass.</p>",Craft Wood Furniture,Coat Rack,"coat-rack, hallway, handmade, oak, set, wall-mounted",TRUE,Title,Default Title,CWF-oak-coat-racks-set-of-2-with-and-without-shelf,0,shopify,10,deny,manual,210.01,,TRUE,TRUE,,,Oak Coat Racks Set of 2 — With and Without Shelf,active
oak-coat-racks-set-of-2-with-and-without-shelf,Oak Coat Racks Set of 2 — With and Without Shelf,"<p>A matching set of 2 solid oak coat racks — one with a shelf, one without. Perfect for hallways, entryways, or mudrooms. Handmade to order from solid natural oak with cast iron hooks.</p><p><strong>Dimensions:</strong><br>Height: 17cm | Depth: 10cm<br>2 Hooks – 40cm | 3 Hooks – 52cm | 4 Hooks – 64cm | 5 Hooks – 76cm | 6 Hooks – 88cm | 7 Hooks – 98cm | 8 Hooks – 110cm | 9 Hooks – 120cm | 10 Hooks – 130cm | 11 Hooks – 140cm | 12 Hooks – 150cm</p><p>Available in Clear, Old Oak, Dark, and Grey oil finishes. Hooks in Black, Gold, Old Copper, Chrome, or Old Brass.</p>",Craft Wood Furniture,Coat Rack,"coat-rack, hallway, handmade, oak, set, wall-mounted",TRUE,Title,Default Title,CWF-oak-coat-racks-set-of-2-with-and-without-shelf,0,shopify,10,deny,manual,190.63,,TRUE,TRUE,,,Oak Coat Racks Set of 2 — With and Without Shelf,active
oak-coat-racks-set-of-2-with-and-without-shelf,Oak Coat Racks Set of 2 — With and Without Shelf,"<p>A matching set of 2 solid oak coat racks — one with a shelf, one without. Perfect for hallways, entryways, or mudrooms. Handmade to order from solid natural oak with cast iron hooks.</p><p><strong>Dimensions:</strong><br>Height: 17cm | Depth: 10cm<br>2 Hooks – 40cm | 3 Hooks – 52cm | 4 Hooks – 64cm | 5 Hooks – 76cm | 6 Hooks – 88cm | 7 Hooks – 98cm | 8 Hooks – 110cm | 9 Hooks – 120cm | 10 Hooks – 130cm | 11 Hooks – 140cm | 12 Hooks – 150cm</p><p>Available in Clear, Old Oak, Dark, and Grey oil finishes. Hooks in Black, Gold, Old Copper, Chrome, or Old Brass.</p>",Craft Wood Furniture,Coat Rack,"coat-rack, hallway, handmade, oak, set, wall-mounted",TRUE,Title,Default Title,CWF-oak-coat-racks-set-of-2-with-and-without-shelf,0,shopify,10,deny,manual,204.86,,TRUE,TRUE,,,Oak Coat Racks Set of 2 — With and Without Shelf,active
oak-coat-racks-set-of-2-with-and-without-shelf,Oak Coat Racks Set of 2 — With and Without Shelf,"<p>A matching set of 2 solid oak coat racks — one with a shelf, one without. Perfect for hallways, entryways, or mudrooms. Handmade to order from solid natural oak with cast iron hooks.</p><p><strong>Dimensions:</strong><br>Height: 17cm | Depth: 10cm<br>2 Hooks – 40cm | 3 Hooks – 52cm | 4 Hooks – 64cm | 5 Hooks – 76cm | 6 Hooks – 88cm | 7 Hooks – 98cm | 8 Hooks – 110cm | 9 Hooks – 120cm | 10 Hooks – 130cm | 11 Hooks – 140cm | 12 Hooks – 150cm</p><p>Available in Clear, Old Oak, Dark, and Grey oil finishes. Hooks in Black, Gold, Old Copper, Chrome, or Old Brass.</p>",Craft Wood Furniture,Coat Rack,"coat-rack, hallway, handmade, oak, set, wall-mounted",TRUE,Title,Default Title,CWF-oak-coat-racks-set-of-2-with-and-without-shelf,0,shopify,10,deny,manual,219.08,,TRUE,TRUE,,,Oak Coat Racks Set of 2 — With and Without Shelf,active
oak-coat-racks-set-of-2-with-and-without-shelf,Oak Coat Racks Set of 2 — With and Without Shelf,"<p>A matching set of 2 solid oak coat racks — one with a shelf, one without. Perfect for hallways, entryways, or mudrooms. Handmade to order from solid natural oak with cast iron hooks.</p><p><strong>Dimensions:</strong><br>Height: 17cm | Depth: 10cm<br>2 Hooks – 40cm | 3 Hooks – 52cm | 4 Hooks – 64cm | 5 Hooks – 76cm | 6 Hooks – 88cm | 7 Hooks – 98cm | 8 Hooks – 110cm | 9 Hooks – 120cm | 10 Hooks – 130cm | 11 Hooks – 140cm | 12 Hooks – 150cm</p><p>Available in Clear, Old Oak, Dark, and Grey oil finishes. Hooks in Black, Gold, Old Copper, Chrome, or Old Brass.</p>",Craft Wood Furniture,Coat Rack,"coat-rack, hallway, handmade, oak, set, wall-mounted",TRUE,Title,Default Title,CWF-oak-coat-racks-set-of-2-with-and-without-shelf,0,shopify,10,deny,manual,233.31,,TRUE,TRUE,,,Oak Coat Racks Set of 2 — With and Without Shelf,active
oak-coat-racks-set-of-2-with-and-without-shelf,Oak Coat Racks Set of 2 — With and Without Shelf,"<p>A matching set of 2 solid oak coat racks — one with a shelf, one without. Perfect for hallways, entryways, or mudrooms. Handmade to order from solid natural oak with cast iron hooks.</p><p><strong>Dimensions:</strong><br>Height: 17cm | Depth: 10cm<br>2 Hooks – 40cm | 3 Hooks – 52cm | 4 Hooks – 64cm | 5 Hooks – 76cm | 6 Hooks – 88cm | 7 Hooks – 98cm | 8 Hooks – 110cm | 9 Hooks – 120cm | 10 Hooks – 130cm | 11 Hooks – 140cm | 12 Hooks – 150cm</p><p>Available in Clear, Old Oak, Dark, and Grey oil finishes. Hooks in Black, Gold, Old Copper, Chrome, or Old Brass.</p>",Craft Wood Furniture,Coat Rack,"coat-rack, hallway, handmade, oak, set, wall-mounted",TRUE,Title,Default Title,CWF-oak-coat-racks-set-of-2-with-and-without-shelf,0,shopify,10,deny,manual,261.76,,TRUE,TRUE,,,Oak Coat Racks Set of 2 — With and Without Shelf,active
solid-oak-fireplace-beam-mantel,Solid Oak Fireplace Beam Mantel,"<p>Add timeless elegance and natural charm to your living room. Perfect for log burners, open fires, and fireplaces. Handmade from solid oak, pre-drilled with free fixings included.</p><p><strong>Three finish options:</strong></p><ul>
<li>
<strong>Sanded</strong> — sanded with lightly rounded edges</li>
<li>
<strong>Lightly Worked</strong> — deeper working on edges for a distressed effect</li>
<li>
<strong>Heavily Worked</strong> — deep scalloping and distressing for maximum rustic character</li>
</ul><p><strong>What you receive:</strong> Solid oak beam, oiled, pre-drilled, free fixings included. Custom lengths available on request.</p>",Craft Wood Furniture,Fireplace Beam,"beam, fireplace, handmade, log-burner, mantel, oak, rustic",TRUE,Title,Default Title,CWF-solid-oak-fireplace-beam-mantel,0,shopify,10,deny,manual,166.97,,TRUE,TRUE,https://cdn.shopify.com/s/files/1/1027/1342/6262/files/fireplace-beam-1.jpg?v=1778503958,1,Solid Oak Fireplace Beam,active
solid-oak-fireplace-beam-mantel,Solid Oak Fireplace Beam Mantel,"<p>Add timeless elegance and natural charm to your living room. Perfect for log burners, open fires, and fireplaces. Handmade from solid oak, pre-drilled with free fixings included.</p><p><strong>Three finish options:</strong></p><ul>
<li>
<strong>Sanded</strong> — sanded with lightly rounded edges</li>
<li>
<strong>Lightly Worked</strong> — deeper working on edges for a distressed effect</li>
<li>
<strong>Heavily Worked</strong> — deep scalloping and distressing for maximum rustic character</li>
</ul><p><strong>What you receive:</strong> Solid oak beam, oiled, pre-drilled, free fixings included. Custom lengths available on request.</p>",Craft Wood Furniture,Fireplace Beam,"beam, fireplace, handmade, log-burner, mantel, oak, rustic",TRUE,Title,Default Title,CWF-solid-oak-fireplace-beam-mantel,0,shopify,10,deny,manual,220.00,,TRUE,TRUE,,,Solid Oak Fireplace Beam Mantel,active
solid-oak-fireplace-beam-mantel,Solid Oak Fireplace Beam Mantel,"<p>Add timeless elegance and natural charm to your living room. Perfect for log burners, open fires, and fireplaces. Handmade from solid oak, pre-drilled with free fixings included.</p><p><strong>Three finish options:</strong></p><ul>
<li>
<strong>Sanded</strong> — sanded with lightly rounded edges</li>
<li>
<strong>Lightly Worked</strong> — deeper working on edges for a distressed effect</li>
<li>
<strong>Heavily Worked</strong> — deep scalloping and distressing for maximum rustic character</li>
</ul><p><strong>What you receive:</strong> Solid oak beam, oiled, pre-drilled, free fixings included. Custom lengths available on request.</p>",Craft Wood Furniture,Fireplace Beam,"beam, fireplace, handmade, log-burner, mantel, oak, rustic",TRUE,Title,Default Title,CWF-solid-oak-fireplace-beam-mantel,0,shopify,10,deny,manual,310.00,,TRUE,TRUE,,,Solid Oak Fireplace Beam Mantel,active
solid-oak-fireplace-beam-mantel,Solid Oak Fireplace Beam Mantel,"<p>Add timeless elegance and natural charm to your living room. Perfect for log burners, open fires, and fireplaces. Handmade from solid oak, pre-drilled with free fixings included.</p><p><strong>Three finish options:</strong></p><ul>
<li>
<strong>Sanded</strong> — sanded with lightly rounded edges</li>
<li>
<strong>Lightly Worked</strong> — deeper working on edges for a distressed effect</li>
<li>
<strong>Heavily Worked</strong> — deep scalloping and distressing for maximum rustic character</li>
</ul><p><strong>What you receive:</strong> Solid oak beam, oiled, pre-drilled, free fixings included. Custom lengths available on request.</p>",Craft Wood Furniture,Fireplace Beam,"beam, fireplace, handmade, log-burner, mantel, oak, rustic",TRUE,Title,Default Title,CWF-solid-oak-fireplace-beam-mantel,0,shopify,10,deny,manual,480.84,,TRUE,TRUE,,,Solid Oak Fireplace Beam Mantel,active
solid-oak-fireplace-beam-mantel,Solid Oak Fireplace Beam Mantel,"<p>Add timeless elegance and natural charm to your living room. Perfect for log burners, open fires, and fireplaces. Handmade from solid oak, pre-drilled with free fixings included.</p><p><strong>Three finish options:</strong></p><ul>
<li>
<strong>Sanded</strong> — sanded with lightly rounded edges</li>
<li>
<strong>Lightly Worked</strong> — deeper working on edges for a distressed effect</li>
<li>
<strong>Heavily Worked</strong> — deep scalloping and distressing for maximum rustic character</li>
</ul><p><strong>What you receive:</strong> Solid oak beam, oiled, pre-drilled, free fixings included. Custom lengths available on request.</p>",Craft Wood Furniture,Fireplace Beam,"beam, fireplace, handmade, log-burner, mantel, oak, rustic",TRUE,Title,Default Title,CWF-solid-oak-fireplace-beam-mantel,0,shopify,10,deny,manual,177.30,,TRUE,TRUE,,,Solid Oak Fireplace Beam Mantel,active
solid-oak-fireplace-beam-mantel,Solid Oak Fireplace Beam Mantel,"<p>Add timeless elegance and natural charm to your living room. Perfect for log burners, open fires, and fireplaces. Handmade from solid oak, pre-drilled with free fixings included.</p><p><strong>Three finish options:</strong></p><ul>
<li>
<strong>Sanded</strong> — sanded with lightly rounded edges</li>
<li>
<strong>Lightly Worked</strong> — deeper working on edges for a distressed effect</li>
<li>
<strong>Heavily Worked</strong> — deep scalloping and distressing for maximum rustic character</li>
</ul><p><strong>What you receive:</strong> Solid oak beam, oiled, pre-drilled, free fixings included. Custom lengths available on request.</p>",Craft Wood Furniture,Fireplace Beam,"beam, fireplace, handmade, log-burner, mantel, oak, rustic",TRUE,Title,Default Title,CWF-solid-oak-fireplace-beam-mantel,0,shopify,10,deny,manual,235.00,,TRUE,TRUE,,,Solid Oak Fireplace Beam Mantel,active
solid-oak-fireplace-beam-mantel,Solid Oak Fireplace Beam Mantel,"<p>Add timeless elegance and natural charm to your living room. Perfect for log burners, open fires, and fireplaces. Handmade from solid oak, pre-drilled with free fixings included.</p><p><strong>Three finish options:</strong></p><ul>
<li>
<strong>Sanded</strong> — sanded with lightly rounded edges</li>
<li>
<strong>Lightly Worked</strong> — deeper working on edges for a distressed effect</li>
<li>
<strong>Heavily Worked</strong> — deep scalloping and distressing for maximum rustic character</li>
</ul><p><strong>What you receive:</strong> Solid oak beam, oiled, pre-drilled, free fixings included. Custom lengths available on request.</p>",Craft Wood Furniture,Fireplace Beam,"beam, fireplace, handmade, log-burner, mantel, oak, rustic",TRUE,Title,Default Title,CWF-solid-oak-fireplace-beam-mantel,0,shopify,10,deny,manual,330.00,,TRUE,TRUE,,,Solid Oak Fireplace Beam Mantel,active
solid-oak-fireplace-beam-mantel,Solid Oak Fireplace Beam Mantel,"<p>Add timeless elegance and natural charm to your living room. Perfect for log burners, open fires, and fireplaces. Handmade from solid oak, pre-drilled with free fixings included.</p><p><strong>Three finish options:</strong></p><ul>
<li>
<strong>Sanded</strong> — sanded with lightly rounded edges</li>
<li>
<strong>Lightly Worked</strong> — deeper working on edges for a distressed effect</li>
<li>
<strong>Heavily Worked</strong> — deep scalloping and distressing for maximum rustic character</li>
</ul><p><strong>What you receive:</strong> Solid oak beam, oiled, pre-drilled, free fixings included. Custom lengths available on request.</p>",Craft Wood Furniture,Fireplace Beam,"beam, fireplace, handmade, log-burner, mantel, oak, rustic",TRUE,Title,Default Title,CWF-solid-oak-fireplace-beam-mantel,0,shopify,10,deny,manual,536.33,,TRUE,TRUE,,,Solid Oak Fireplace Beam Mantel,active
solid-oak-fireplace-beam-mantel,Solid Oak Fireplace Beam Mantel,"<p>Add timeless elegance and natural charm to your living room. Perfect for log burners, open fires, and fireplaces. Handmade from solid oak, pre-drilled with free fixings included.</p><p><strong>Three finish options:</strong></p><ul>
<li>
<strong>Sanded</strong> — sanded with lightly rounded edges</li>
<li>
<strong>Lightly Worked</strong> — deeper working on edges for a distressed effect</li>
<li>
<strong>Heavily Worked</strong> — deep scalloping and distressing for maximum rustic character</li>
</ul><p><strong>What you receive:</strong> Solid oak beam, oiled, pre-drilled, free fixings included. Custom lengths available on request.</p>",Craft Wood Furniture,Fireplace Beam,"beam, fireplace, handmade, log-burner, mantel, oak, rustic",TRUE,Title,Default Title,CWF-solid-oak-fireplace-beam-mantel,0,shopify,10,deny,manual,300.00,,TRUE,TRUE,,,Solid Oak Fireplace Beam Mantel,active
solid-oak-fireplace-beam-mantel,Solid Oak Fireplace Beam Mantel,"<p>Add timeless elegance and natural charm to your living room. Perfect for log burners, open fires, and fireplaces. Handmade from solid oak, pre-drilled with free fixings included.</p><p><strong>Three finish options:</strong></p><ul>
<li>
<strong>Sanded</strong> — sanded with lightly rounded edges</li>
<li>
<strong>Lightly Worked</strong> — deeper working on edges for a distressed effect</li>
<li>
<strong>Heavily Worked</strong> — deep scalloping and distressing for maximum rustic character</li>
</ul><p><strong>What you receive:</strong> Solid oak beam, oiled, pre-drilled, free fixings included. Custom lengths available on request.</p>",Craft Wood Furniture,Fireplace Beam,"beam, fireplace, handmade, log-burner, mantel, oak, rustic",TRUE,Title,Default Title,CWF-solid-oak-fireplace-beam-mantel,0,shopify,10,deny,manual,430.00,,TRUE,TRUE,,,Solid Oak Fireplace Beam Mantel,active
solid-oak-floating-shelf-4cm-thick,Solid Oak Floating Shelf 4cm Thick,"<p>Our Solid Oak Shelves are crafted to order, available in a variety of widths and lengths. 40mm thick solid oak, hand planed and sanded. Available with hidden fixings (pre-drilled) or black metal brackets.</p><p><strong>What you receive:</strong></p><ul>
<li>Solid Oak Shelf 40mm thick in selected size</li>
<li>Choice of hidden or black metal brackets</li>
<li>Oiled finish (oil colour on request)</li>
<li>Pre-drilled for concealed fixings</li>
</ul><p><em>Note: oak is a natural product and may have individual characteristics such as cracks, shakes, or knots — these are features, not flaws.</em></p>",Craft Wood Furniture,Floating Shelf,"floating-shelf, handmade, kitchen, oak, rustic, shelf",TRUE,Title,Default Title,CWF-solid-oak-floating-shelf-4cm-thick,0,shopify,10,deny,manual,101.56,,TRUE,TRUE,https://cdn.shopify.com/s/files/1/1027/1342/6262/files/floating-shelf-1.jpg?v=1778503957,1,Solid Oak Floating Shelf,active
solid-oak-floating-shelf-4cm-thick,Solid Oak Floating Shelf 4cm Thick,"<p>Our Solid Oak Shelves are crafted to order, available in a variety of widths and lengths. 40mm thick solid oak, hand planed and sanded. Available with hidden fixings (pre-drilled) or black metal brackets.</p><p><strong>What you receive:</strong></p><ul>
<li>Solid Oak Shelf 40mm thick in selected size</li>
<li>Choice of hidden or black metal brackets</li>
<li>Oiled finish (oil colour on request)</li>
<li>Pre-drilled for concealed fixings</li>
</ul><p><em>Note: oak is a natural product and may have individual characteristics such as cracks, shakes, or knots — these are features, not flaws.</em></p>",Craft Wood Furniture,Floating Shelf,"floating-shelf, handmade, kitchen, oak, rustic, shelf",TRUE,Title,Default Title,CWF-solid-oak-floating-shelf-4cm-thick,0,shopify,10,deny,manual,118.77,,TRUE,TRUE,,,Solid Oak Floating Shelf 4cm Thick,active
solid-oak-floating-shelf-4cm-thick,Solid Oak Floating Shelf 4cm Thick,"<p>Our Solid Oak Shelves are crafted to order, available in a variety of widths and lengths. 40mm thick solid oak, hand planed and sanded. Available with hidden fixings (pre-drilled) or black metal brackets.</p><p><strong>What you receive:</strong></p><ul>
<li>Solid Oak Shelf 40mm thick in selected size</li>
<li>Choice of hidden or black metal brackets</li>
<li>Oiled finish (oil colour on request)</li>
<li>Pre-drilled for concealed fixings</li>
</ul><p><em>Note: oak is a natural product and may have individual characteristics such as cracks, shakes, or knots — these are features, not flaws.</em></p>",Craft Wood Furniture,Floating Shelf,"floating-shelf, handmade, kitchen, oak, rustic, shelf",TRUE,Title,Default Title,CWF-solid-oak-floating-shelf-4cm-thick,0,shopify,10,deny,manual,118.77,,TRUE,TRUE,,,Solid Oak Floating Shelf 4cm Thick,active
solid-oak-floating-shelf-4cm-thick,Solid Oak Floating Shelf 4cm Thick,"<p>Our Solid Oak Shelves are crafted to order, available in a variety of widths and lengths. 40mm thick solid oak, hand planed and sanded. Available with hidden fixings (pre-drilled) or black metal brackets.</p><p><strong>What you receive:</strong></p><ul>
<li>Solid Oak Shelf 40mm thick in selected size</li>
<li>Choice of hidden or black metal brackets</li>
<li>Oiled finish (oil colour on request)</li>
<li>Pre-drilled for concealed fixings</li>
</ul><p><em>Note: oak is a natural product and may have individual characteristics such as cracks, shakes, or knots — these are features, not flaws.</em></p>",Craft Wood Furniture,Floating Shelf,"floating-shelf, handmade, kitchen, oak, rustic, shelf",TRUE,Title,Default Title,CWF-solid-oak-floating-shelf-4cm-thick,0,shopify,10,deny,manual,135.99,,TRUE,TRUE,,,Solid Oak Floating Shelf 4cm Thick,active
solid-oak-floating-shelf-4cm-thick,Solid Oak Floating Shelf 4cm Thick,"<p>Our Solid Oak Shelves are crafted to order, available in a variety of widths and lengths. 40mm thick solid oak, hand planed and sanded. Available with hidden fixings (pre-drilled) or black metal brackets.</p><p><strong>What you receive:</strong></p><ul>
<li>Solid Oak Shelf 40mm thick in selected size</li>
<li>Choice of hidden or black metal brackets</li>
<li>Oiled finish (oil colour on request)</li>
<li>Pre-drilled for concealed fixings</li>
</ul><p><em>Note: oak is a natural product and may have individual characteristics such as cracks, shakes, or knots — these are features, not flaws.</em></p>",Craft Wood Furniture,Floating Shelf,"floating-shelf, handmade, kitchen, oak, rustic, shelf",TRUE,Title,Default Title,CWF-solid-oak-floating-shelf-4cm-thick,0,shopify,10,deny,manual,129.10,,TRUE,TRUE,,,Solid Oak Floating Shelf 4cm Thick,active
solid-oak-floating-shelf-4cm-thick,Solid Oak Floating Shelf 4cm Thick,"<p>Our Solid Oak Shelves are crafted to order, available in a variety of widths and lengths. 40mm thick solid oak, hand planed and sanded. Available with hidden fixings (pre-drilled) or black metal brackets.</p><p><strong>What you receive:</strong></p><ul>
<li>Solid Oak Shelf 40mm thick in selected size</li>
<li>Choice of hidden or black metal brackets</li>
<li>Oiled finish (oil colour on request)</li>
<li>Pre-drilled for concealed fixings</li>
</ul><p><em>Note: oak is a natural product and may have individual characteristics such as cracks, shakes, or knots — these are features, not flaws.</em></p>",Craft Wood Furniture,Floating Shelf,"floating-shelf, handmade, kitchen, oak, rustic, shelf",TRUE,Title,Default Title,CWF-solid-oak-floating-shelf-4cm-thick,0,shopify,10,deny,manual,146.32,,TRUE,TRUE,,,Solid Oak Floating Shelf 4cm Thick,active
solid-oak-floating-shelf-4cm-thick,Solid Oak Floating Shelf 4cm Thick,"<p>Our Solid Oak Shelves are crafted to order, available in a variety of widths and lengths. 40mm thick solid oak, hand planed and sanded. Available with hidden fixings (pre-drilled) or black metal brackets.</p><p><strong>What you receive:</strong></p><ul>
<li>Solid Oak Shelf 40mm thick in selected size</li>
<li>Choice of hidden or black metal brackets</li>
<li>Oiled finish (oil colour on request)</li>
<li>Pre-drilled for concealed fixings</li>
</ul><p><em>Note: oak is a natural product and may have individual characteristics such as cracks, shakes, or knots — these are features, not flaws.</em></p>",Craft Wood Furniture,Floating Shelf,"floating-shelf, handmade, kitchen, oak, rustic, shelf",TRUE,Title,Default Title,CWF-solid-oak-floating-shelf-4cm-thick,0,shopify,10,deny,manual,144.59,,TRUE,TRUE,,,Solid Oak Floating Shelf 4cm Thick,active
solid-oak-floating-shelf-4cm-thick,Solid Oak Floating Shelf 4cm Thick,"<p>Our Solid Oak Shelves are crafted to order, available in a variety of widths and lengths. 40mm thick solid oak, hand planed and sanded. Available with hidden fixings (pre-drilled) or black metal brackets.</p><p><strong>What you receive:</strong></p><ul>
<li>Solid Oak Shelf 40mm thick in selected size</li>
<li>Choice of hidden or black metal brackets</li>
<li>Oiled finish (oil colour on request)</li>
<li>Pre-drilled for concealed fixings</li>
</ul><p><em>Note: oak is a natural product and may have individual characteristics such as cracks, shakes, or knots — these are features, not flaws.</em></p>",Craft Wood Furniture,Floating Shelf,"floating-shelf, handmade, kitchen, oak, rustic, shelf",TRUE,Title,Default Title,CWF-solid-oak-floating-shelf-4cm-thick,0,shopify,10,deny,manual,161.81,,TRUE,TRUE,,,Solid Oak Floating Shelf 4cm Thick,active
solid-oak-floating-shelf-4cm-thick,Solid Oak Floating Shelf 4cm Thick,"<p>Our Solid Oak Shelves are crafted to order, available in a variety of widths and lengths. 40mm thick solid oak, hand planed and sanded. Available with hidden fixings (pre-drilled) or black metal brackets.</p><p><strong>What you receive:</strong></p><ul>
<li>Solid Oak Shelf 40mm thick in selected size</li>
<li>Choice of hidden or black metal brackets</li>
<li>Oiled finish (oil colour on request)</li>
<li>Pre-drilled for concealed fixings</li>
</ul><p><em>Note: oak is a natural product and may have individual characteristics such as cracks, shakes, or knots — these are features, not flaws.</em></p>",Craft Wood Furniture,Floating Shelf,"floating-shelf, handmade, kitchen, oak, rustic, shelf",TRUE,Title,Default Title,CWF-solid-oak-floating-shelf-4cm-thick,0,shopify,10,deny,manual,158.37,,TRUE,TRUE,,,Solid Oak Floating Shelf 4cm Thick,active
solid-oak-floating-shelf-4cm-thick,Solid Oak Floating Shelf 4cm Thick,"<p>Our Solid Oak Shelves are crafted to order, available in a variety of widths and lengths. 40mm thick solid oak, hand planed and sanded. Available with hidden fixings (pre-drilled) or black metal brackets.</p><p><strong>What you receive:</strong></p><ul>
<li>Solid Oak Shelf 40mm thick in selected size</li>
<li>Choice of hidden or black metal brackets</li>
<li>Oiled finish (oil colour on request)</li>
<li>Pre-drilled for concealed fixings</li>
</ul><p><em>Note: oak is a natural product and may have individual characteristics such as cracks, shakes, or knots — these are features, not flaws.</em></p>",Craft Wood Furniture,Floating Shelf,"floating-shelf, handmade, kitchen, oak, rustic, shelf",TRUE,Title,Default Title,CWF-solid-oak-floating-shelf-4cm-thick,0,shopify,10,deny,manual,175.58,,TRUE,TRUE,,,Solid Oak Floating Shelf 4cm Thick,active
solid-oak-mantel-beam-all-sizes-oiled,"Solid Oak Mantel Beam — All Sizes, Oiled","<p>Our Oak Mantel Beams are crafted to order in a variety of sizes and lengths. Three finish options: Sanded, Lightly Worked, or Heavily Worked. Pre-drilled with free fixings included.</p><p><strong>Finish options:</strong></p><ul>
<li>
<strong>Sanded</strong> — clean, contemporary look with rounded edges</li>
<li>
<strong>Lightly Worked</strong> — subtle distressed effect on edges</li>
<li>
<strong>Heavily Worked</strong> — deep scalloping and rustic character</li>
</ul><p><strong>What you receive:</strong> Solid oak beam, oiled finish, pre-drilled, free fixings. Custom lengths available — message us with requirements.</p>",Craft Wood Furniture,Mantel Beam,"beam, fireplace, handmade, log-burner, mantel, oak, oiled, rustic",TRUE,Title,Default Title,CWF-solid-oak-mantel-beam-all-sizes-oiled,0,shopify,10,deny,manual,163.53,,TRUE,TRUE,https://cdn.shopify.com/s/files/1/1027/1342/6262/files/mantel-beam-1.jpg?v=1778503957,1,Solid Oak Mantel Beam,active
solid-oak-mantel-beam-all-sizes-oiled,"Solid Oak Mantel Beam — All Sizes, Oiled","<p>Our Oak Mantel Beams are crafted to order in a variety of sizes and lengths. Three finish options: Sanded, Lightly Worked, or Heavily Worked. Pre-drilled with free fixings included.</p><p><strong>Finish options:</strong></p><ul>
<li>
<strong>Sanded</strong> — clean, contemporary look with rounded edges</li>
<li>
<strong>Lightly Worked</strong> — subtle distressed effect on edges</li>
<li>
<strong>Heavily Worked</strong> — deep scalloping and rustic character</li>
</ul><p><strong>What you receive:</strong> Solid oak beam, oiled finish, pre-drilled, free fixings. Custom lengths available — message us with requirements.</p>",Craft Wood Furniture,Mantel Beam,"beam, fireplace, handmade, log-burner, mantel, oak, oiled, rustic",TRUE,Title,Default Title,CWF-solid-oak-mantel-beam-all-sizes-oiled,0,shopify,10,deny,manual,215.00,,TRUE,TRUE,,,"Solid Oak Mantel Beam — All Sizes, Oiled",active
solid-oak-mantel-beam-all-sizes-oiled,"Solid Oak Mantel Beam — All Sizes, Oiled","<p>Our Oak Mantel Beams are crafted to order in a variety of sizes and lengths. Three finish options: Sanded, Lightly Worked, or Heavily Worked. Pre-drilled with free fixings included.</p><p><strong>Finish options:</strong></p><ul>
<li>
<strong>Sanded</strong> — clean, contemporary look with rounded edges</li>
<li>
<strong>Lightly Worked</strong> — subtle distressed effect on edges</li>
<li>
<strong>Heavily Worked</strong> — deep scalloping and rustic character</li>
</ul><p><strong>What you receive:</strong> Solid oak beam, oiled finish, pre-drilled, free fixings. Custom lengths available — message us with requirements.</p>",Craft Wood Furniture,Mantel Beam,"beam, fireplace, handmade, log-burner, mantel, oak, oiled, rustic",TRUE,Title,Default Title,CWF-solid-oak-mantel-beam-all-sizes-oiled,0,shopify,10,deny,manual,303.00,,TRUE,TRUE,,,"Solid Oak Mantel Beam — All Sizes, Oiled",active
solid-oak-mantel-beam-all-sizes-oiled,"Solid Oak Mantel Beam — All Sizes, Oiled","<p>Our Oak Mantel Beams are crafted to order in a variety of sizes and lengths. Three finish options: Sanded, Lightly Worked, or Heavily Worked. Pre-drilled with free fixings included.</p><p><strong>Finish options:</strong></p><ul>
<li>
<strong>Sanded</strong> — clean, contemporary look with rounded edges</li>
<li>
<strong>Lightly Worked</strong> — subtle distressed effect on edges</li>
<li>
<strong>Heavily Worked</strong> — deep scalloping and rustic character</li>
</ul><p><strong>What you receive:</strong> Solid oak beam, oiled finish, pre-drilled, free fixings. Custom lengths available — message us with requirements.</p>",Craft Wood Furniture,Mantel Beam,"beam, fireplace, handmade, log-burner, mantel, oak, oiled, rustic",TRUE,Title,Default Title,CWF-solid-oak-mantel-beam-all-sizes-oiled,0,shopify,10,deny,manual,470.89,,TRUE,TRUE,,,"Solid Oak Mantel Beam — All Sizes, Oiled",active
solid-oak-mantel-beam-all-sizes-oiled,"Solid Oak Mantel Beam — All Sizes, Oiled","<p>Our Oak Mantel Beams are crafted to order in a variety of sizes and lengths. Three finish options: Sanded, Lightly Worked, or Heavily Worked. Pre-drilled with free fixings included.</p><p><strong>Finish options:</strong></p><ul>
<li>
<strong>Sanded</strong> — clean, contemporary look with rounded edges</li>
<li>
<strong>Lightly Worked</strong> — subtle distressed effect on edges</li>
<li>
<strong>Heavily Worked</strong> — deep scalloping and rustic character</li>
</ul><p><strong>What you receive:</strong> Solid oak beam, oiled finish, pre-drilled, free fixings. Custom lengths available — message us with requirements.</p>",Craft Wood Furniture,Mantel Beam,"beam, fireplace, handmade, log-burner, mantel, oak, oiled, rustic",TRUE,Title,Default Title,CWF-solid-oak-mantel-beam-all-sizes-oiled,0,shopify,10,deny,manual,173.86,,TRUE,TRUE,,,"Solid Oak Mantel Beam — All Sizes, Oiled",active
solid-oak-mantel-beam-all-sizes-oiled,"Solid Oak Mantel Beam — All Sizes, Oiled","<p>Our Oak Mantel Beams are crafted to order in a variety of sizes and lengths. Three finish options: Sanded, Lightly Worked, or Heavily Worked. Pre-drilled with free fixings included.</p><p><strong>Finish options:</strong></p><ul>
<li>
<strong>Sanded</strong> — clean, contemporary look with rounded edges</li>
<li>
<strong>Lightly Worked</strong> — subtle distressed effect on edges</li>
<li>
<strong>Heavily Worked</strong> — deep scalloping and rustic character</li>
</ul><p><strong>What you receive:</strong> Solid oak beam, oiled finish, pre-drilled, free fixings. Custom lengths available — message us with requirements.</p>",Craft Wood Furniture,Mantel Beam,"beam, fireplace, handmade, log-burner, mantel, oak, oiled, rustic",TRUE,Title,Default Title,CWF-solid-oak-mantel-beam-all-sizes-oiled,0,shopify,10,deny,manual,229.00,,TRUE,TRUE,,,"Solid Oak Mantel Beam — All Sizes, Oiled",active
solid-oak-mantel-beam-all-sizes-oiled,"Solid Oak Mantel Beam — All Sizes, Oiled","<p>Our Oak Mantel Beams are crafted to order in a variety of sizes and lengths. Three finish options: Sanded, Lightly Worked, or Heavily Worked. Pre-drilled with free fixings included.</p><p><strong>Finish options:</strong></p><ul>
<li>
<strong>Sanded</strong> — clean, contemporary look with rounded edges</li>
<li>
<strong>Lightly Worked</strong> — subtle distressed effect on edges</li>
<li>
<strong>Heavily Worked</strong> — deep scalloping and rustic character</li>
</ul><p><strong>What you receive:</strong> Solid oak beam, oiled finish, pre-drilled, free fixings. Custom lengths available — message us with requirements.</p>",Craft Wood Furniture,Mantel Beam,"beam, fireplace, handmade, log-burner, mantel, oak, oiled, rustic",TRUE,Title,Default Title,CWF-solid-oak-mantel-beam-all-sizes-oiled,0,shopify,10,deny,manual,323.00,,TRUE,TRUE,,,"Solid Oak Mantel Beam — All Sizes, Oiled",active
solid-oak-mantel-beam-all-sizes-oiled,"Solid Oak Mantel Beam — All Sizes, Oiled","<p>Our Oak Mantel Beams are crafted to order in a variety of sizes and lengths. Three finish options: Sanded, Lightly Worked, or Heavily Worked. Pre-drilled with free fixings included.</p><p><strong>Finish options:</strong></p><ul>
<li>
<strong>Sanded</strong> — clean, contemporary look with rounded edges</li>
<li>
<strong>Lightly Worked</strong> — subtle distressed effect on edges</li>
<li>
<strong>Heavily Worked</strong> — deep scalloping and rustic character</li>
</ul><p><strong>What you receive:</strong> Solid oak beam, oiled finish, pre-drilled, free fixings. Custom lengths available — message us with requirements.</p>",Craft Wood Furniture,Mantel Beam,"beam, fireplace, handmade, log-burner, mantel, oak, oiled, rustic",TRUE,Title,Default Title,CWF-solid-oak-mantel-beam-all-sizes-oiled,0,shopify,10,deny,manual,526.37,,TRUE,TRUE,,,"Solid Oak Mantel Beam — All Sizes, Oiled",active
solid-oak-mantel-beam-all-sizes-oiled,"Solid Oak Mantel Beam — All Sizes, Oiled","<p>Our Oak Mantel Beams are crafted to order in a variety of sizes and lengths. Three finish options: Sanded, Lightly Worked, or Heavily Worked. Pre-drilled with free fixings included.</p><p><strong>Finish options:</strong></p><ul>
<li>
<strong>Sanded</strong> — clean, contemporary look with rounded edges</li>
<li>
<strong>Lightly Worked</strong> — subtle distressed effect on edges</li>
<li>
<strong>Heavily Worked</strong> — deep scalloping and rustic character</li>
</ul><p><strong>What you receive:</strong> Solid oak beam, oiled finish, pre-drilled, free fixings. Custom lengths available — message us with requirements.</p>",Craft Wood Furniture,Mantel Beam,"beam, fireplace, handmade, log-burner, mantel, oak, oiled, rustic",TRUE,Title,Default Title,CWF-solid-oak-mantel-beam-all-sizes-oiled,0,shopify,10,deny,manual,295.00,,TRUE,TRUE,,,"Solid Oak Mantel Beam — All Sizes, Oiled",active
solid-oak-mantel-beam-all-sizes-oiled,"Solid Oak Mantel Beam — All Sizes, Oiled","<p>Our Oak Mantel Beams are crafted to order in a variety of sizes and lengths. Three finish options: Sanded, Lightly Worked, or Heavily Worked. Pre-drilled with free fixings included.</p><p><strong>Finish options:</strong></p><ul>
<li>
<strong>Sanded</strong> — clean, contemporary look with rounded edges</li>
<li>
<strong>Lightly Worked</strong> — subtle distressed effect on edges</li>
<li>
<strong>Heavily Worked</strong> — deep scalloping and rustic character</li>
</ul><p><strong>What you receive:</strong> Solid oak beam, oiled finish, pre-drilled, free fixings. Custom lengths available — message us with requirements.</p>",Craft Wood Furniture,Mantel Beam,"beam, fireplace, handmade, log-burner, mantel, oak, oiled, rustic",TRUE,Title,Default Title,CWF-solid-oak-mantel-beam-all-sizes-oiled,0,shopify,10,deny,manual,420.00,,TRUE,TRUE,,,"Solid Oak Mantel Beam — All Sizes, Oiled",active